{
  "in_sample": {
    "trade_count": 95,
    "win_rate": 0.7052631578947368,
    "avg_r": 0.3103449669105121,
    "profit_factor": 2.2288144555581053,
    "total_r": 29.48277185649865,
    "max_drawdown_r": -3.117521000930104,
    "best_trade_r": 1.4771652259011694,
    "worst_trade_r": -1.0672430355427658
  },
  "out_of_sample": {
    "trade_count": 22,
    "win_rate": 0.36363636363636365,
    "avg_r": -0.12953972759653018,
    "profit_factor": 0.7336715507683313,
    "total_r": -2.849874007123664,
    "max_drawdown_r": -5.261933511259571,
    "best_trade_r": 1.4705387205387215,
    "worst_trade_r": -1.0621669626997878
  }
}