{
  "in_sample": {
    "trade_count": 116,
    "win_rate": 0.35344827586206895,
    "avg_r": -0.18236044730785175,
    "profit_factor": 0.7065158909576086,
    "total_r": -21.153811887710802,
    "max_drawdown_r": -20.932789287979414,
    "best_trade_r": 2.984032846715321,
    "worst_trade_r": -1.068493150684909
  },
  "out_of_sample": {
    "trade_count": 29,
    "win_rate": 0.3793103448275862,
    "avg_r": -0.056129336103521194,
    "profit_factor": 0.9087821822587074,
    "total_r": -1.6277507470021146,
    "max_drawdown_r": -7.168614015101954,
    "best_trade_r": 2.9660523763336557,
    "worst_trade_r": -1.052651372696543
  }
}