{
  "in_sample": {
    "trade_count": 32,
    "win_rate": 0.6875,
    "avg_r": 0.1789790715864288,
    "profit_factor": 1.6872862267829283,
    "total_r": 5.727330290765722,
    "max_drawdown_r": -2.09747237566462,
    "best_trade_r": 1.4868717179294892,
    "worst_trade_r": -1.0563834071687628
  },
  "out_of_sample": {
    "trade_count": 3,
    "win_rate": 0.3333333333333333,
    "avg_r": -0.6946704783158081,
    "profit_factor": 0.00915273572525684,
    "total_r": -2.084011434947424,
    "max_drawdown_r": -1.0509646887513413,
    "best_trade_r": 0.019250601581313028,
    "worst_trade_r": -1.052297347777396
  }
}