{
  "in_sample": {
    "trade_count": 220,
    "win_rate": 0.6318181818181818,
    "avg_r": 0.27533271153691724,
    "profit_factor": 2.012754740847695,
    "total_r": 60.57319653812179,
    "max_drawdown_r": -3.9822915309040425,
    "best_trade_r": 1.4846069268828983,
    "worst_trade_r": -1.067469879518058
  },
  "out_of_sample": {
    "trade_count": 81,
    "win_rate": 0.4074074074074074,
    "avg_r": -0.16554179194665147,
    "profit_factor": 0.6170627794887522,
    "total_r": -13.408885147678768,
    "max_drawdown_r": -16.38494477939172,
    "best_trade_r": 1.4787395596051705,
    "worst_trade_r": -1.063034669068001
  }
}