{
  "in_sample": {
    "trade_count": 195,
    "win_rate": 0.6717948717948717,
    "avg_r": 0.4273550159901235,
    "profit_factor": 2.88470035513832,
    "total_r": 83.33422811807408,
    "max_drawdown_r": -4.533210504142815,
    "best_trade_r": 1.4783817171093216,
    "worst_trade_r": -1.062695924764911
  },
  "out_of_sample": {
    "trade_count": 69,
    "win_rate": 0.4057971014492754,
    "avg_r": -0.0810006116127927,
    "profit_factor": 0.7865737550040078,
    "total_r": -5.589042201282696,
    "max_drawdown_r": -8.217775270620686,
    "best_trade_r": 1.472899728997287,
    "worst_trade_r": -1.0587741393786791
  }
}