spread_pips,pooled_out_trades,avg_r
1.5,367,0.2007498561161292
3.0,367,0.16507193548715526
5.0,367,0.11750137464852325
8.0,367,0.046145533390575366
12.0,367,-0.048995588286688437
18.0,367,-0.19170727080258435
25.0,367,-0.35820423373779603
