{
  "in_sample": {
    "trade_count": 226,
    "win_rate": 0.7168141592920354,
    "avg_r": 0.428560249129118,
    "profit_factor": 3.196963830767831,
    "total_r": 96.85461630318066,
    "max_drawdown_r": -3.7820057093663166,
    "best_trade_r": 1.4922070693014147,
    "worst_trade_r": -1.0657894736841933
  },
  "out_of_sample": {
    "trade_count": 83,
    "win_rate": 0.4939759036144578,
    "avg_r": -0.002907217145290649,
    "profit_factor": 0.9917741513792352,
    "total_r": -0.24129902305912387,
    "max_drawdown_r": -7.21245933283707,
    "best_trade_r": 1.4839449541284366,
    "worst_trade_r": -1.0550098231827036
  }
}